plot,species,cover,HeightIndividual1,LengthIndividual1,WidthIndividual1,HeightIndividual2,LengthIndividual2,WidthIndividual2,HeightIndividual3,LengthIndividual3,WidthIndividual3,HeightIndividual4,LengthIndividual4,WidthIndividual4
GR01,Tanacetum achilleifolium,15,5,17,11,13,14,13,8,12,10,7,20,16
GR01,Stipa sareptana,3,24,19,17,19,18,19,19,18,11,20,15,12
GR01,Stipa lessingiana,3,22,22,17,13,14,14,15,15,8,21,15,10
GR01,Poa bulbosa,1,2,3,2,3,4,4,1,4,3,3,5,3
GR01,Festuca valesiaca,1,6,8,7,8,6,6,12,11,7,7,8,7
GR01,Artemisia pauciflora,5,20,25,19,18,11,8,24,34,23,21,27,18
GR01,Artemisia nitrosa,8,11,18,14,13,10,8,13,13,10,12,26,22
GR02,Atriplex cana,15,36,42,35,20,30,27,21,34,31,18,33,20
GR02,Artemisia pauciflora,20,20,16,14,20,21,16,17,26,23,10,11,7
GR02,Tanacetum achilleifolium,3,13,20,18,16,20,17,18,42,26,23,30,25
GR02,Stipa sareptana,10,35,36,35,21,27,30,27,29,33,30,47,38
GR02,Ferula caspica,1,13,32,21,8,22,13,10,27,3,,,
GR03,Artemisia pauciflora,40,19,36,21,15,16,17,15,21,13,13,15,7
GR04,Stipa lessingiana,12,27,40,34,24,23,14,27,29,17,23,15,17
GR04,Festuca valesiaca,8,13,27,30,12,16,18,12,23,17,10,13,10
GR04,Artemisia austriaca,12,8,8,9,6,6,8,12,4,12,10,6,10
GR04,Koeleria cristata,2,13,21,13,20,22,15,22,16,20,15,10,14
GR04,potentilla humifusa,2,9,20,16,7,11,10,7,11,16,8,8,11
GR04,Limonium sareptanum,3,5,14,13,1,9,8,6,16,14,2,18,6
GR04,Tanacetum achilleifolium,2,13,14,18,19,29,22,20,9,18,12,18,12
GR04,Stipa capillata,6,24,23,23,28,34,36,25,27,30,34,39,35
GR04,Artemisia nitrosa,2,31,12,21,28,13,12,31,14,15,22,21,18
GR04,Agropyron pectinatum,3,41,,,37,,,35,,,38,,
GR05,Artemisia pauciflora,40,20,18,14,19,23,19,20,17,16,18,14,14
GR05,Anabasis salsa,1,6,5,3,9,11,7,6,7,6,7,4,3
GR06,Stipa capillata,3,28,21,12,29,20,15,33,18,17,35,35,13
GR06,Stipa sareptana,10,28,17,21,33,21,14,30,38,15,30,27,21
GR06,Festuca valesiaca,15,15,15,13,18,21,13,12,12,10,15,19,14
GR06,Galatella tatarica,5,21,17,15,23,28,21,16,13,10,21,14,10
GR06,Artemisia austriaca,5,9,5,3,11,1,2,11,2,1,6,1,1
GR06,Artemisia lercheana,5,24,20,13,18,7,10,30,17,8,20,18,11
GR07,Atriplex cana,12,22,35,43,21,35,21,22,9,10,30,26,19
GR07,Artemisia gracilescens,15,7,12,10,11,13,12,13,22,9,12,18,11
GR07,Festuca valesiaca,15,12,25,18,16,22,23,15,24,28,13,17,21
GR07,Agropyron pectinatum,5,27,23,13,36,33,29,30,30,18,31,24,18
GR07,Limonium sareptanum,2,2,11,8,3,11,9,3,8,6,4,13,5
GR09,Festuca valesiaca,28,12,9,8,9,14,10,15,13,13,10,12,7
GR09,Artemisia austriaca,8,27,9,6,15,5,6,9,10,6,12,9,6
GR09,Artemisia nitrosa,1,25,14,12,20,14,15,27,9,5,29,20,9
GR09,Stipa sareptana,2,33,15,19,25,12,10,37,15,14,25,8,9
GR09,Phlomoides tuberosa,1,6,12,5,10,10,5,6,9,5,7,11,5
GR09,Polygonum patulum,0.5,8,,,9,,,22,,,4,,
GR09,Limonium sareptanum,0.5,3,,,4,,,1,,,3,,
GR10,Stipa sareptana,35,36,22,23,34,20,12,33,34,40,31,33,34
GR10,Poa bulbosa,1,4,4,2,1.5,1.5,1,3,3,2,1.5,3,2
GR10,Festuca valesiaca,40,11,8,12,13,7,10,10,8,17,16,21,17
GR10,Artemisia austriaca,2,6,3,2,7,5,4,8,6,5,11,2,4
GR10,Artemisia nitrosa,3,23,18,18,14,17,15,20,24,16,27,17,13
GR10,Spergularia segetalis,1,2,,,2,,,2,,,2,,
GR11,Atriplex cana,25,27,50,37,25,55,33,26,35,19,29,45,30
GR11,Artemisia pauciflora,5,17,15,12,16,16,15,17,25,20,17,13,9
GR11,Limonium suffruticosum,1,12,16,11,17,10,6,13,14,10,9,26,18
GR11,Camphorosma monspeliaca,5,5,5,6,4,10,6,3,8,4,3,6,4
GR13,Artemisia nitrosa,30,20,17,17,23,25,25,5,10,7,22,25,17
GR13,Poa bulbosa,2,1,2,2,2,3,3,2,3,3,1,3,2
GR13,Stipa sareptana,1,35,26,17,32,26,24,37,34,20,40,30,26
GR14,Festuca valesiaca,25,15,20,15,17,22,18,17,14,15,19,19,16
GR14,Atriplex cana,3,23,62,77,26,34,23,23,55,50,18,22,15
GR14,Artemisia nitrosa,2,24,25,11,29,33,13,25,20,19,17,17,11
GR14,Stipa capillata,25,32,26,12,39,27,17,36,26,22,42,37,28
GR14,Artemisia austriaca,2,8,2,2,5,6,3,6,4,2,16,4,2
GR15,Artemisia pauciflora,10,9,7,7,14,19,14,18,28,17,17,16,12
GR15,Artemisia nitrosa,8,16,21,16,9,15,9,10,16,14,14,16,12
GR15,Camphorosma monspeliaca,1,1,7,4,1,7,5,2,10,7,2,8,4
GR15,Kochia prostrata,1,3,8,5,6,7,8,4,8,6,3,5,5
GR16,Artemisia pauciflora,10,29,14,15,30,20,15,22,13,12,27,15,12
GR16,Stipa lessingiana,5,19,16,14,25,23,19,25,14,12,24,24,22
GR16,Kochia prostrata,5,14,12,10,10,20,12,7,12,9,5,16,9
GR16,Agropyron pectinatum,10,35,13,14,40,23,13,35,18,20,34,21,14
GR16,Artemisia nitrosa,1,23,38,21,20,32,19,23,30,15,21,20,14
GR16,Tanacetum achilleifolium,8,5,20,15,5,20,20,6,18,17,8,18,16
GR17,Stipa sareptana,5,22,28,28,27,24,20,24,23,19,20,14,11
GR17,Stipa lessingiana,20,26,30,23,24,32,22,25,30,34,21,28,27
GR17,Festuca valesiaca,8,14,18,11,15,19,17,10,12,13,17,20,15
GR17,Artemisia gracilescens,18,18,28,23,14,30,21,10,15,12,21,28,19
GR17,Tanacetum achilleifolium,12,17,29,20,11,23,19,11,16,11,15,16,15
GR17,Agropyron pectinatum,2,25,,,24,,,18,,,20,,
GR18,Artemisia pauciflora,25,14,15,9,20,14,10,21,12,9,22,23,24
GR18,Atriplex cana,1,23,62,55,15,30,14,19,48,42,6,25,17
GR18,Camphorosma monspeliaca,1,4,8,4,3,5,6,2,6,4,3,7,6
GR18,Festuca valesiaca,2,5,11,11,10,16,8,4,4,6,7,19,10
GR18,Tanacetum achilleifolium,1,11,23,22,10,7,20,6,6,7,12,20,14
GR18,Artemisia nitrosa,8,7,18,9,9,20,17,13,16,9,12,13,9
GR19,Artemisia pauciflora,30,13,19,14,14,27,21,13,21,17,12,13,9
GR20,Atriplex cana,18,25,38,36,18,39,16,27,72,56,23,37,21
GR20,Artemisia pauciflora,18,19,15,12,23,34,16,17,27,15,16,10,11
GR22,Atriplex cana,50,22,64,50,14,28,18,28,70,51,22,32,25
GR22,Artemisia gracilescens,1,17,7,6,24,18,12,23,22,21,20,18,12
GR22,Artemisia pauciflora,12,21,26,17,14,22,20,22,18,17,21,14,7
GR22,Limonium suffruticosum,1,17,16,8,10,17,10,7,11,9,5,7,6
GR22,Poa bulbosa,1,5,8,6,3,9,4,4,4,4,5,9,7
GR23,Stipa capillata,28,33,57,40,38,22,28,39,41,44,32,30,29
GR23,Leymus ramosus,22,22,,,27,,,24,,,31,,
GR23,Artemisia pauciflora,3,23,28,24,20,20,44,32,27,36,28,31,41
GR24,Festuca valesiaca,25,16,24,23,16,26,29,10,8,6,15,18,21
GR24,Artemisia austriaca,5,6,5,4,6,4,4,6,5,3,9,3,4
GR24,Artemisia nitrosa,5,27,25,18,19,20,23,11,7,6,21,16,11
GR24,Stipa sareptana,5,32,40,27,30,38,51,36,25,21,23,25,27
GR24,Stipa lessingiana,1,25,36,37,22,20,13,26,27,31,25,26,20
GR24,Atriplex cana,1,14,34,25,21,81,72,23,42,39,27,57,56
GR25A,Kochia prostrata,18,17,19,13,12,11,10,13,14,10,9,14,10
GR25A,Artemisia pauciflora,8,19,28,17,16,16,16,15,19,11,8,17,12
GR25A,Leymus ramosus,1,18,,,17,,,17,,,20,,
GR25A,Ceratocephala testiculata,2,7,,,4,,,5,,,3,,
GR26,Poa bulbosa,3,3,4,2,2,2,2,3,5,3,2,3,2
GR26,Artemisia pauciflora,20,25,35,22,21,19,13,19,25,19,19,12,10
GR26,Atriplex cana,20,26,21,21,31,56,33,38,50,44,14,18,20
GR26,Tanacetum achilleifolium,1,17,25,22,20,34,30,21,13,9,22,40,31
GR27,Atriplex cana,6,28,96,85,23,44,35,15,22,35,23,80,58
GR27,Artemisia gracilescens,35,17,8,10,15,22,14,13,37,13,15,21,21
GR27,Leymus ramosus,4,21,,,16,,,18,,,14,,
GR27,Agropyron pectinatum,2,29,11,15,22,9,8,24,8,20,26,16,20
GR27,Artemisia pauciflora,5,14,16,15,13,5,8,10,4,7,14,15,9
GR28,Atriplex cana,8,20,52,47,16,37,27,16,27,38,18,36,21
GR28,Artemisia pauciflora,1,18,15,11,18,12,10,20,17,7,15,11,6
GR28,Artemisia lercheana,8,23,28,22,25,8,9,20,25,16,16,13,11
GR28,Poa bulbosa,2,4,3,4,2,1,3,1,2,1,1,1,2
GR28,Stipa sareptana,3,28,33,35,26,25,28,27,26,23,32,16,28
GR28,Festuca valesiaca,5,13,22,15,17,14,16,9,12,11,10,21,23
GR29,Artemisia pauciflora,30,14,32,23,15,22,20,17,23,11,14,25,19
GR29,Kochia prostrata,1,6,7,6,15,21,15,14,11,8,14,17,14
GR29,Artemisia gracilescens,5,24,21,17,18,19,12,21,31,25,14,23,15
GR29,Leymus ramosus,1,32,,,29,,,30,,,32,,
GR30,Atriplex cana,28,26,31,32,20,42,54,24,40,34,10,35,43
GR30,Artemisia pauciflora,12,24,16,18,21,32,26,21,22,13,18,9,12
GR30,Limonium suffruticosum,4,15,20,24,10,22,10,16,28,42,12,8,25
GR31,Festuca valesiaca,2,12,14,6,23,16,17,19,10,16,17,15,14
GR31,Artemisia pauciflora,15,14,12,7,18,17,10,14,19,18,23,17,13
GR31,Stipa sareptana,4,31,34,48,28,33,26,27,43,38,27,38,29
GR31,Stipa lessingiana,5,25,32,37,23,56,60,23,36,35,23,29,37
GR31,Camphorosma monspeliaca,1,2,18,20,3,12,11,3,18,18,7,21,30
GR31,Atriplex cana,30,14,23,25,21,37,21,10,24,16,10,18,17
GR32,Artemisia nitrosa,15,25,8,6,17,14,15,22,21,15,11,15,9
GR32,Artemisia pauciflora,1,21,23,12,19,20,9,18,28,18,19,17,12
GR32,Artemisia schrenkiana,1,15,15,13,14,10,8,11,11,12,8,10,10
GR32,Stipa sareptana,3,24,18,17,19,16,15,21,20,17,21,20,12
GR32,Poa bulbosa,2,2,3,2,3,4,3,3,5,4,2,3,3
GR32,Festuca valesiaca,6,8,8,7,11,9,6,9,12,11,10,15,10
GR33,Atriplex cana,8,22,28,36,20,43,31,17,37,34,18,33,39
GR33,Stipa sareptana,8,20,41,44,31,38,35,30,43,36,35,26,34
GR33,Festuca valesiaca,3,9,12,8,16,20,27,13,11,17,15,25,18
GR33,Artemisia nitrosa,8,13,11,10,16,12,15,14,18,16,20,23,16
GR33,Poa bulbosa,2,1,6,3,2,3,4,3,3,2,2,2,2
GR34,Agropyron pectinatum,10,20,15,14,25,3,12,26,4,6,30,15,16
GR34,Elytrigia repens,8,48,,,41,,,25,,,28,,
GR34,Puccinellia dolicholepis,2,18,11,13,18,19,14,15,12,10,22,5,20
GR34,Artemisia nitrosa,20,9,17,11,14,31,22,11,18,9,11,19,10
GR34,Limonium sareptanum,2,6,7,10,5,10,3,6,8,9,3,10,4
GR34,Alopecurus pratensis,2,28,18,21,46,27,15,21,27,29,39,15,16
GR35,Atriplex cana,30,18,50,50,15,20,15,30,37,34,20,43,37
GR35,Artemisia pauciflora,30,22,18,11,23,17,16,20,15,9,23,17,9
GR36,Atriplex cana,20,15,30,27,19,42,42,15,32,34,30,31,35
GR36,Artemisia pauciflora,12,26,15,16,25,24,14,22,16,17,35,35,27
GR36,Stipa sareptana,2,31,30,48,31,44,34,37,55,42,36,43,30
GR36,Poa bulbosa,2,4,6,4,3,6,5,4,3,3,3,4,4
GR37,Atriplex cana,10,18,65,63,15,44,32,21,43,41,8,44,29
GR37,Artemisia pauciflora,10,17,14,10,26,26,14,24,19,17,22,25,15
GR37,Anabasis salsa,8,7,13,19,6,15,6,7,17,15,9,13,18
GR37,Poa bulbosa,3,3,6,4,2,7,4,1,3,2,1,4,6
GR39,Stipa lessingiana,15,22,37,24,27,28,30,24,37,31,26,32,34
GR39,Artemisia nitrosa,3,26,25,10,22,35,21,29,41,31,32,14,16
GR39,Artemisia austriaca,6,9,5,5,9,5,4,9,9,5,13,5,6
GR39,Stipa sareptana,10,23,27,19,22,27,31,20,19,15,25,30,24
GR39,Tanacetum achilleifolium,8,14,17,19,18,19,24,15,11,17,14,17,13
GR39,Festuca valesiaca,5,16,19,12,7,17,10,7,8,6,6,11,12
GR40,Artemisia gracilescens,60,17,18,20,16,19,13,17,12,10,15,25,14
GR40,Atriplex cana,1,17,14,12,21,13,10,13,7,8,16,13,19
GR40,Artemisia nitrosa,1,19,7,5,16,13,11,16,9,6,13,15,9
GR40,Leymus ramosus,1,33,,,32,,,36,,,26,,
GR41,Artemisia austriaca,6,9,8,5,8,8,6,12,12,8,10,7,4
GR41,Stipa sareptana,8,40,44,38,36,40,29,32,39,26,34,42,36
GR41,Artemisia sublessingiana,5,18,24,15,16,18,12,20,35,20,14,25,24
GR41,Festuca valesiaca,20,12,18,11,20,23,15,16,15,17,24,16,15
GR41,Stipa capillata,2,40,40,25,37,35,33,32,37,30,31,25,25
GR42,Stipa sareptana,15,31,25,18,49,40,36,37,14,7,30,37,29
GR42,Festuca valesiaca,20,19,23,18,14,19,15,12,17,13,19,24,19
GR42,Atriplex cana,10,26,24,16,34,56,56,35,60,55,33,35,41
GR42,Artemisia nitrosa,6,21,27,21,19,24,22,20,22,16,25,31,22
GR42,Leymus ramosus,3,25,,,20,,,25,,,29,,
GR42,Artemisia austriaca,2,8,2,2,9,2,1,8,2,2,10,3,2
GR42,Poa bulbosa,2,3,3,2,2,3,2,2,4,3,3,6,5
GR42,Koeleria cristata,1,26,18,17,13,6,6,10,9,8,12,12,9
GR43,Stipa capillata,5,35,22,18,37,20,14,27,30,23,36,21,16
GR43,Stipa sareptana,10,29,21,18,31,19,17,33,24,20,33,18,16
GR43,Festuca valesiaca,40,21,25,15,20,15,16,19,21,21,17,18,17
GR43,Galatella tatarica,1,22,24,12,27,18,13,24,19,12,24,19,17
GR43,Artemisia austriaca,5,9,1,1,8,1,1,7,1,1,8,1,1
GR43,Artemisia lercheana,3,13,9,7,14,18,10,22,17,12,13,19,14
GR44,Spiraea hypericifolia,2,75,132,117,65,450,400,42,140,81,33,44,54
GR44,Artemisia austriaca,8,9,3,4,13,5,3,13,3,4,6,4,4
GR44,Artemisia nitrosa,1,19,26,14,18,15,11,17,32,15,9,21,10
GR44,Stipa sareptana,5,39,7,8,40,19,15,38,32,18,32,28,28
GR44,Festuca valesiaca,20,16,22,16,8,4,7,20,11,14,21,18,14
GR44,Koeleria cristata,1,10,13,9,21,13,14,18,16,18,20,15,20
GR45A,Artemisia pauciflora,20,19,23,11,14,12,11,14,17,12,11,14,9
GR45A,Poa bulbosa,1,2,6,4,3,4,3,4,4,5,1,4,3
GR45A,Kochia prostrata,1,9,14,9,5,11,7,9,17,14,7,17,12
GR45A,Festuca valesiaca,1,16,25,23,12,15,14,14,19,15,10,14,14
GR46,Atriplex cana,20,13,42,34,15,33,24,14,22,18,11,14,7
GR46,Artemisia pauciflora,20,17,12,5,20,10,5,17,13,8,14,9,6
GR46,Limonium suffruticosum,2,8,10,8,9,14,7,11,12,9,7,15,9
GR46,Camphorosma monspeliaca,3,4,7,2,9,9,4,3,4,3,11,7,6
GR47,Leymus ramosus,20,34,,,35,,,39,,,38,,
GR47,Artemisia pauciflora,15,26,20,24,19,15,14,11,6,8,19,16,18
GR47,Kochia prostrata,2,7,16,18,7,16,15,6,12,11,7,21,17
GR47,Stipa sareptana,10,28,37,38,27,42,25,45,44,39,36,40,35
GR48,Stipa sareptana,25,36,34,18,33,35,17,32,27,22,28,23,14
GR48,Festuca valesiaca,5,12,15,13,9,11,9,10,11,10,10,13,9
GR48,Agropyron pectinatum,5,27,23,25,30,20,17,30,20,10,26,17,5
GR48,Artemisia nitrosa,25,22,23,17,29,18,20,23,24,21,23,21,13
GR48,Tanacetum achilleifolium,1,11,16,8,10,11,9,11,14,8,11,12,10
GR49,Atriplex cana,10,22,40,45,19,31,16,16,29,26,24,50,20
GR49,Artemisia pauciflora,12,26,22,18,22,21,14,18,23,15,15,26,18
GR49,Leymus ramosus,10,27,,,23,,,24,,,27,,
GR49,Agropyron pectinatum,1,24,15,9,25,13,6,24,17,22,25,15,12
GR49,Kochia prostrata,1,10,10,6,5,11,5,9,12,9,7,9,7
GR50,Artemisia nitrosa,22,18,19,17,13,18,15,12,15,13,14,15,12
GR50,Atriplex cana,1,13,33,18,14,34,28,12,16,11,17,29,23
GR50,Agropyron pectinatum,1,15,,,20,,,18,,,18,,
GR50,Leymus ramosus,1,20,,,18,,,19,,,22,,
GR50,Stipa sareptana,1,23,16,12,34,19,15,42,29,28,32,21,19
GR50,Climacoptera brachiata,1,5,,,11,,,8,,,4,,
GR50,Galatella tatarica,1,10,3,4,7,4,3,12,3,4,12,4,3
GR51,Artemisia pauciflora,32,24,32,20,22,13,16,21,33,24,18,11,22
GR51,Camphorosma monspeliaca,3,3,12,12,5,26,17,6,16,15,4,34,30
GR51,Anabasis salsa,3,6,34,27,6,27,19,8,24,16,6,7,6
GR51,Stipa capillata,2,26,24,34,25,38,35,18,26,28,16,25,27
GR52,Artemisia gracilescens,45,16,18,15,15,30,19,14,32,25,19,24,20
GR52,Artemisia pauciflora,1,21,20,16,16,16,10,19,18,12,21,18,20
GR52,Leymus ramosus,8,26,,,24,,,27,,,25,,
GR53,Stipa sareptana,10,30,36,47,35,28,23,36,51,32,28,24,22
GR53,Festuca valesiaca,2,17,15,16,11,9,12,17,21,17,12,15,10
GR53,Tanacetum achilleifolium,5,10,16,16,13,23,14,12,27,30,17,26,18
GR53,Artemisia pauciflora,3,16,10,8,14,6,3,15,8,14,17,25,17
GR53,Atriplex cana,20,23,44,17,12,26,18,17,31,28,18,18,14
GR54,Artemisia pauciflora,25,16,25,20,22,24,27,14,11,8,23,22,28
GR54,Tanacetum achilleifolium,5,18,17,25,20,21,19,8,17,13,14,24,12
GR54,Stipa sareptana,2,29,17,16,22,33,23,33,32,28,26,19,16
GR54,Poa bulbosa,2,4,3,3,5,6,6,3,3,4,2,5,4
GR54,Agropyron pectinatum,1,15,18,17,14,15,15,17,19,20,18,17,10
GR55,Atriplex cana,13,14,12,11,25,50,55,25,45,34,30,83,68
GR55,Artemisia pauciflora,10,15,16,16,17,25,17,22,35,25,20,35,28
GR55,Artemisia nitrosa,10,25,31,18,10,22,12,19,33,16,24,31,30
GR55,Stipa sareptana,2,30,37,35,29,25,31,30,24,22,28,25,27
GR55,Anabasis salsa,1,8,15,6,7,16,12,9,16,11,7,5,6
GR56,Atriplex cana,6,13,19,33,20,60,40,10,19,15,18,37,31
GR56,Artemisia nitrosa,12,11,15,14,21,17,20,13,15,20,20,15,15
GR56,Anabasis salsa,2,7,15,11,3,12,10,5,7,9,4,13,10
GR56,Poa bulbosa,2,4,3,4,3,4,3,1,3,2,2,2,2
GR56,Camphorosma monspeliaca,3,6,6,4,3,11,4,3,7,7,2,3,2
GR56,Limonium suffruticosum,1,9,10,8,11,13,11,12,6,7,10,15,32
GR57,Stipa sareptana,35,34,35,35,37,47,42,38,48,45,39,34,24
GR57,Tanacetum achilleifolium,3,15,18,14,17,18,19,18,42,32,20,30,29
GR57,Artemisia pauciflora,2,17,18,14,19,20,20,16,10,7,15,13,8
GR57,Bassia sedoides,1,4,,,5,,,9,,,7,,
GR58,Spiraea hypericifolia,12,29,125,39,22,54,20,37,126,62,40,77,41
GR58,Bromopsis inermis,20,37,,,34,,,31,,,25,,
GR58,Festuca valesiaca,20,12,17,16,10,21,20,10,24,19,10,15,18
GR58,Carex praecox,15,22,,,32,,,20,,,27,,
GR58,Carex supina,1,22,9,3,14,11,7,13,4,7,18,13,12
GR59,Atriplex cana,45,28,100,92,31,76,40,40,89,70,34,60,58
GR59,Artemisia pauciflora,7,21,16,13,17,12,9,33,21,15,13,7,8
GR59,Poa bulbosa,2,3,6,4,3,2,3,2,3,2,3,2,1
GR59,Camphorosma monspeliaca,3,6,11,10,5,9,10,2,9,3,4,8,5
GR59,Limonium suffruticosum,1,14,18,12,7,14,8,11,11,10,7,11,5
GR60,Festuca valesiaca,25,9,19,14,8,11,8,8,12,13,6,9,13
GR60,Stipa capillata,10,27,33,39,31,33,41,33,35,34,30,39,38
GR60,Galatella villosa,8,21,33,25,22,26,21,23,16,10,21,19,24
GR60,Koeleria cristata,5,9,12,13,17,12,15,18,4,10,11,13,9
GR60,Artemisia austriaca,5,7,5,3,9,4,5,6,3,2,7,5,2
GR60,Artemisia nitrosa,5,22,19,10,14,15,10,18,25,13,25,15,12
GR60,Atriplex cana,3,28,46,34,24,52,37,19,13,8,21,32,18
GR60,Spiraea hypericifolia,2,67,155,150,76,90,80,85,130,66,88,170,155
GR61,Stipa lessingiana,10,29,21,23,24,36,36,27,30,31,26,41,27
GR61,Leymus ramosus,10,28,,,24,,,29,,,29,,
GR61,Festuca valesiaca,10,13,19,23,17,28,21,22,25,23,14,19,13
GR61,Artemisia nitrosa,4,7,16,17,17,18,17,12,16,11,14,21,19
GR61,Limonium sareptanum,4,5,5,9,5,9,8,5,11,13,4,9,10
GR61,Artemisia austriaca,3,8,4,3,11,3,2,8,3,4,8,3,3
GR62,Atriplex cana,10,15,61,47,10,31,22,5,5,6,4,5,6
GR62,Artemisia pauciflora,15,15,7,7,13,7,10,11,11,5,17,28,21
GR62,Anabasis salsa,1,4,3,6,4,3,4,5,9,5,5,7,8
GR63,Artemisia pauciflora,30,24,36,30,21,23,11,23,16,14,31,52,43
GR63,Camphorosma monspeliaca,1,1,11,7,3,12,11,2,6,6,1,12,6
GR64,Artemisia pauciflora,20,23,15,17,19,14,11,21,22,18,18,13,10
GR64,Atriplex cana,8,16,22,26,12,13,14,18,75,15,27,54,25
GR64,Leymus ramosus,8,25,,,27,,,28,,,20,,
GR65,Atriplex cana,15,29,44,56,14,31,27,22,35,26,26,68,47
GR65,Artemisia pauciflora,5,25,35,21,25,22,26,27,25,15,28,25,23
GR65,Artemisia gracilescens,20,26,27,19,21,33,28,25,23,21,32,30,22
GR65,Leymus ramosus,1,22,,,20,,,28,,,19,,
NN01,Carex supina,5,8,10,7,11,7,6,5,7,6,4,3,2
NN01,Artemisia austriaca,20,15,13,12,10,11,8,14,15,8,10,5,4
NN01,Poa bulbosa,3,2,5,3,2,3,4,2,3,4,2,4,3
NN01,Artemisia sublessingiana,2,20,22,18,23,16,17,16,20,18,14,27,5
NN01,Descurainia sophia,1,9,4,3,11,5,4,9,6,4,10,4,4
NN01,Phlomoides agraria,1,3,13,16,2,13,13,5,11,10,3,16,10
NN02,Artemisia pauciflora,3,21,22,17,19,11,15,15,16,13,10,20,14
NN02,Artemisia nitrosa,16,20,30,21,8,8,5,12,9,7,21,13,14
NN02,Poa bulbosa,1,1,2,1,2,4,2,3,5,4,1,2,2
NN03,Artemisia pauciflora,27,14,12,15,21,27,22,23,20,19,28,48,30
NN03,Tanacetum achilleifolium,2,4,7,13,8,10,12,4,5,9,7,13,13
NN03,Ceratocephala testiculata,1,3,,,4,,,3,,,5,,
NN04,Artemisia pauciflora,20,15,18,14,17,21,17,16,17,14,16,30,25
NN04,Camphorosma monspeliaca,1,4,5,3,2,5,3,2,6,5,1,6,5
NN05,Artemisia pauciflora,10,21,24,19,13,21,10,16,21,17,16,13,8
NN05,Camphorosma monspeliaca,10,6,12,6,5,5,4,4,11,7,3,13,9
NN05,Poa bulbosa,2,4,3,2,5,4,3,4,4,2,3,3,3
UF01,Stipa sareptana,12,24,27,32,21,22,22,26,29,35,25,42,41
UF01,Galatella tatarica,3,22,23,33,23,20,24,18,29,22,16,9,17
UF01,Koeleria cristata,2,14,26,19,20,26,39,23,56,40,20,24,20
UF01,Festuca valesiaca,5,10,20,6,12,15,13,8,12,16,13,17,18
UF01,Artemisia austriaca,2,8,6,6,6,5,3,7,6,7,3,6,8
UF01,Artemisia nitrosa,2,34,21,16,25,12,6,28,41,27,22,10,16
UF01,Agropyron pectinatum,2,32,,,25,,,23,,,22,,
UF02,Festuca valesiaca,10,10,13,12,12,18,14,10,18,23,10,12,15
UF02,Galatella tatarica,4,15,21,16,15,24,15,16,12,14,16,17,12
UF02,Artemisia nitrosa,4,21,17,22,23,16,19,25,20,16,30,18,20
UF02,Leymus ramosus,1,23,,,28,,,18,,,24,,
UF02,Psathyrostachys juncea,1,26,46,54,22,35,30,18,27,22,20,29,24
UF02,Stipa sareptana,15,28,39,44,26,29,32,25,27,28,23,32,37
UF02,Artemisia austriaca,1,13,7,10,8,9,9,25,20,13,9,4,7
UF03,Agropyron pectinatum,1,37,18,33,28,7,9,24,27,16,27,19,29
UF03,Festuca valesiaca,8,12,21,14,13,16,14,15,27,18,9,33,25
UF03,Galatella tatarica,18,14,25,15,13,26,14,7,17,13,12,15,10
UF03,Stipa capillata,8,45,60,42,38,28,29,35,25,28,36,53,50
UF04,Anabasis salsa,20,6,23,18,9,26,20,11,44,32,7,31,37
UF04,Atriplex cana,15,11,30,30,17,53,45,14,41,38,8,52,28
UF05,Psathyrostachys juncea,5,17,22,25,20,24,20,20,26,24,19,19,13
UF05,Leymus ramosus,16,22,,,28,,,26,,,37,,
UF05,Artemisia nitrosa,1,19,13,8,19,11,7,17,11,13,18,15,8
UF05,Festuca valesiaca,6,12,14,13,14,8,9,9,9,8,14,12,8
UF05,Agropyron pectinatum,10,25,,,28,,,29,,,28,,
UF05,Kochia prostrata,6,5,10,7,11,9,8,8,8,6,10,7,6
UF06,Artemisia austriaca,12,19,8,5,12,5,4,14,5,3,19,7,7
UF06,Koeleria cristata,4,13,21,26,12,15,17,15,22,15,12,12,15
UF06,Psathyrostachys juncea,5,25,52,54,27,49,33,28,33,38,23,41,38
UF06,Stipa lessingiana,8,27,42,35,21,32,29,20,15,20,18,28,26
UF06,Stipa sareptana,2,20,19,34,22,19,21,17,20,35,15,18,22
UF06,Festuca valesiaca,12,14,18,19,11,16,16,12,17,15,11,9,12
UF06,Kochia prostrata,2,20,5,9,26,21,14,5,12,7,5,6,5
UF07,Galatella tatarica,8,10,15,18,11,10,7,12,25,23,13,20,23
UF07,Leymus ramosus,1,21,,,19,,,17,,,19,,
UF07,Artemisia nitrosa,2,25,21,10,14,14,18,17,19,9,22,9,10
UF07,Festuca valesiaca,15,11,10,12,12,13,13,13,17,16,10,15,14
UF07,Psathyrostachys juncea,1,17,22,28,20,18,20,16,14,17,25,29,28
UF07,Stipa sareptana,5,25,24,20,23,25,25,17,15,12,16,17,17
UF07,Stipa lessingiana,1,20,29,26,23,28,34,21,20,12,16,23,15
UF08,Festuca valesiaca,20,11,22,15,7,16,10,11,28,20,10,17,10
UF08,Stipa sareptana,5,26,29,31,25,42,36,31,46,39,27,26,28
UF08,Agropyron pectinatum,8,28,26,21,25,24,26,23,30,22,22,25,20
UF08,Leymus ramosus,12,14,,,19,,,27,,,26,,
UF09,Galatella tatarica,5,23,13,10,18,23,12,18,19,10,18,16,14
UF09,Festuca valesiaca,15,19,28,22,15,18,12,18,25,18,17,23,17
UF09,Stipa sareptana,2,21,17,10,34,26,17,28,24,20,26,23,21
UF09,Agropyron pectinatum,1,19,,,29,,,23,,,33,,
UF09,Koeleria cristata,1,17,18,14,16,16,14,16,20,17,14,14,15
UF09,Leymus ramosus,3,26,26,25,25,2,,24,,,23,,
UF09,Artemisia nitrosa,1,19,13,7,15,15,15,15,13,10,16,10,9
UF10,Stipa sareptana,25,29,31,34,30,34,33,30,35,32,32,33,29
UF10,Festuca valesiaca,12,16,22,18,22,24,21,19,14,13,16,18,19
UF10,Artemisia nitrosa,15,21,11,8,18,13,14,13,15,13,12,11,11
UF10,Stipa lessingiana,3,24,43,27,24,34,29,25,28,20,26,50,42
UF10,Koeleria cristata,1,15,18,18,13,16,11,19,19,14,18,22,18
UF12,Festuca valesiaca,6,12,13,10,9,12,118,14,16,15,16,17,22
UF12,Agropyron pectinatum,2,27,,,24,,,17,,,25,,
UF12,Koeleria cristata,4,11,15,8,7,11,10,9,9,17,7,15,22
UF12,Galatella tatarica,2,9,5,4,12,11,16,16,23,17,13,11,7
UF12,Limonium sareptanum,1,17,30,30,13,12,20,12,25,29,15,21,26
UF12,Halimione verrucifera,2,4,34,27,3,68,42,4,58,50,4,36,30
UF12,Artemisia nitrosa,4,18,13,19,23,14,10,13,12,11,18,13,10
UF14,Koeleria cristata,8,21,22,17,18,17,13,15,20,17,20,13,18
UF14,Artemisia austriaca,2,14,9,4,5,5,2,10,3,2,4,5,3
UF14,Festuca valesiaca,5,10,11,7,11,12,8,16,15,13,9,6,8
UF14,Galatella tatarica,6,15,6,4,18,18,12,20,19,14,22,16,16
UF14,Stipa lessingiana,25,25,16,15,27,22,20,25,24,17,23,20,13
UF15,Festuca valesiaca,25,11,14,19,13,12,18,15,18,21,19,22,21
UF15,Stipa capillata,3,28,27,50,24,18,25,20,24,25,22,12,20
UF15,Galatella tatarica,2,17,21,18,9,14,8,13,9,5,16,17,13
UF15,Artemisia nitrosa,6,30,16,21,15,20,32,21,14,13,29,9,12
UF16,Stipa lessingiana,25,21,29,19,31,28,11,24,23,17,18,19,17
UF16,Stipa sareptana,7,25,26,23,26,19,20,26,24,16,29,24,17
UF16,Festuca valesiaca,5,10,8,9,12,13,11,16,8,10,20,13,15
UF17,Stipa sareptana,10,29,43,35,30,30,28,30,35,29,38,27,27
UF17,Artemisia schrenkiana,3,31,17,8,23,18,15,24,27,21,18,11,9
UF17,Artemisia nitrosa,5,23,20,13,21,16,15,23,18,8,22,19,17
UF17,Agropyron pectinatum,6,27,31,23,21,27,21,24,27,24,27,27,20
UF17,Festuca valesiaca,8,14,15,12,14,19,16,15,18,13,17,20,15
UF18,Stipa sareptana,15,35,31,28,33,48,38,40,45,44,38,43,30
UF18,Stipa capillata,1,35,47,26,48,79,47,35,38,40,33,35,37
UF18,Galatella tatarica,2,10,16,12,7,11,10,7,12,8,19,21,18
UF18,Festuca valesiaca,5,13,14,17,16,22,25,18,33,25,12,18,16
UF18,Agropyron pectinatum,2,18,28,21,22,38,31,21,24,23,31,32,26
UF19,Festuca valesiaca,10,11,18,13,17,14,12,13,15,14,13,14,12
UF19,Agropyron pectinatum,15,26,37,25,21,23,17,27,31,24,31,27,25
UF19,Artemisia nitrosa,4,26,16,12,20,16,10,17,9,6,18,25,19
UF19,Stipa sareptana,3,29,32,30,32,33,29,36,34,36,28,27,22
UF20,Festuca valesiaca,5,19,12,12,12,21,13,7,10,10,16,28,27
UF20,Stipa sareptana,8,17,26,18,23,39,35,20,31,28,19,14,41
UF20,Psathyrostachys juncea,5,30,33,28,20,32,21,24,31,33,20,33,30
UF20,Agropyron pectinatum,3,19,24,18,23,20,38,28,42,30,38,31,44
UF20,Leymus ramosus,5,21,,,19,,,26,,,20,,
UF20,Stipa lessingiana,1,23,39,36,19,22,23,18,43,34,19,35,30
UF21,Stipa lessingiana,35,22,34,27,21,38,38,22,30,20,24,40,29
UF21,Festuca valesiaca,2,16,16,14,15,14,12,15,11,11,14,18,15
UF21,Agropyron pectinatum,1,23,19,10,22,25,15,19,25,18,23,26,18
UF21,Koeleria cristata,1,18,21,14,13,14,7,17,11,8,19,23,12
UF22,Leymus ramosus,20,33,,,26,,,27,,,26,,
UF22,Agropyron pectinatum,5,26,23,18,27,11,8,29,13,14,26,21,9
UF22,Stipa lessingiana,5,31,19,21,28,31,20,23,27,18,27,16,11
UF22,Festuca valesiaca,10,15,23,25,18,27,22,9,20,17,13,18,17
UF23,Galatella tatarica,20,26,24,17,24,27,19,18,20,21,17,12,15
UF23,Festuca valesiaca,4,9,13,12,11,15,13,7,10,6,10,18,14
UF23,Agropyron pectinatum,5,28,,,24,,,31,,,29,,
UF23,Artemisia nitrosa,2,26,7,14,21,8,14,9,7,14,13,8,8
UF24,Agropyron pectinatum,16,30,,,32,,,31,,,29,,
UF24,Festuca valesiaca,2,17,18,18,15,19,15,11,14,16,14,15,13
UF24,Stipa sareptana,8,24,23,20,26,20,16,25,14,10,28,15,20
UF24,Tanacetum achilleifolium,4,15,17,12,19,20,14,11,17,11,17,15,16
UF24,Kochia prostrata,1,10,11,9,18,12,10,5,16,10,20,10,7
UF25,Galatella tatarica,5,17,9,8,15,25,18,12,18,16,26,24,18
UF25,Festuca valesiaca,12,13,28,22,15,19,23,13,21,10,7,10,9
UF25,Agropyron pectinatum,3,20,,,24,,,27,,,21,,
UF25,Artemisia nitrosa,6,26,23,19,14,10,6,17,16,11,24,13,9
UF25,Koeleria cristata,2,20,19,21,19,19,22,18,23,22,17,22,15
UF26,Stipa lessingiana,25,24,35,32,25,20,13,24,24,17,22,38,23
UF26,Koeleria cristata,3,21,27,14,18,26,23,14,18,14,17,32,6
UF26,Galatella tatarica,6,18,18,13,17,12,7,18,15,12,22,17,10
UF26,Artemisia austriaca,1,7,2,3,9,2,3,5,4,3,6,5,2
UF26,Festuca valesiaca,2,13,14,1,14,17,12,12,14,12,15,13,11
UF26,Jurinea multiflora,1,9,8,6,5,7,6,9,8,4,12,8,7
UF28,Leymus ramosus,20,34,,,21,,,18,,,20,,
UF28,Stipa lessingiana,1,17,25,23,20,24,12,25,27,23,18,23,20
UF28,Festuca valesiaca,5,12,14,12,10,10,13,15,16,18,12,18,14
UF28,Agropyron pectinatum,5,26,18,19,28,22,10,18,9,8,28,13,15
UF29,Festuca valesiaca,5,9,13,9,14,20,22,10,17,15,9,16,16
UF29,Stipa lessingiana,2,16,15,20,21,25,27,19,29,27,18,32,25
UF29,Galatella tatarica,1,15,16,10,14,18,12,19,21,25,15,12,18
UF29,Leymus ramosus,1,30,,,20,,,22,,,24,,
UF29,Tanacetum achilleifolium,1,13,12,16,15,28,16,17,22,20,18,17,26
UF29,Artemisia austriaca,18,29,6,5,6,7,3,8,4,3,8,3,6
UF29,Artemisia nitrosa,3,27,13,15,33,12,20,21,17,22,30,14,19
UF29,Psathyrostachys juncea,2,17,29,34,20,18,29,22,30,31,20,16,17
UF29,Stipa sareptana,7,22,32,27,20,19,23,18,22,25,20,15,14
UF30,Leymus ramosus,30,40,,,38,,,39,,,32,,
UF31,Stipa lessingiana,15,20,33,30,24,23,18,25,30,30,23,23,20
UF31,Leymus ramosus,5,18,,,21,,,24,,,19,,
UF32,Leymus ramosus,14,25,,,20,,,22,,,20,,
UF32,Kochia prostrata,1,17,13,11,8,13,11,13,11,8,3,7,6
UF33,Leymus ramosus,15,28,,,26,,,23,,,20,,
UF33,Stipa lessingiana,5,30,32,29,25,21,16,30,28,31,28,26,25
UF33,Stipa sareptana,5,33,17,16,29,15,14,27,26,25,34,28,24
UF34,Stipa lessingiana,25,30,50,37,30,34,37,26,20,28,37,23,22
UF34,Agropyron pectinatum,25,30,19,20,25,19,12,33,22,15,26,14,12
UF34,Kochia prostrata,2,9,24,17,9,14,9,11,19,22,7,16,19
UF34,Festuca valesiaca,3,10,22,21,13,16,12,17,19,22,9,7,9
UF35,Festuca valesiaca,12,8,15,12,10,16,13,10,19,16,8,10,7
UF35,Psathyrostachys juncea,1,22,29,35,14,19,23,15,16,23,22,26,27
UF35,Artemisia nitrosa,10,16,10,13,21,14,15,7,7,11,30,9,16
UF35,Stipa capillata,1,22,33,28,23,24,27,20,24,25,21,20,23
UF35,Kochia prostrata,2,37,26,26,19,24,27,42,35,15,25,28,32
UF36,Kochia prostrata,4,5,17,12,6,19,13,6,19,11,2,9,5
UF36,Stipa sareptana,8,35,34,31,34,28,29,35,35,35,27,22,15
UF36,Leymus ramosus,2,20,,,26,,,25,,,30,,
UF36,Anabasis salsa,8,16,35,23,10,21,16,8,12,10,12,24,18
UF36,Psathyrostachys juncea,10,33,30,31,27,29,33,35,40,37,31,37,33
UF37,Stipa lessingiana,16,16,25,30,22,28,23,17,28,25,22,35,32
UF37,Festuca valesiaca,12,14,13,21,8,12,17,9,15,8,13,9,12
UF37,Agropyron pectinatum,2,30,,,17,,,21,,,26,,
UF37,Leymus ramosus,3,20,,,25,,,23,,,24,,
UF37,Tanacetum achilleifolium,2,11,17,18,14,20,21,18,20,12,14,17,15
UF38,Stipa capillata,8,19,20,19,18,16,14,17,24,22,21,28,27
UF38,Carex supina,10,9,,,11,,,8,,,17,,
UF38,Koeleria glauca,10,14,32,24,9,16,12,16,29,22,22,23,21
UF38,Potentilla arenaria,3,4,27,17,5,28,20,8,36,28,7,26,28
UF38,Scorzonera stricta,3,17,,,21,,,14,,,22,,
UF38,Artemisia tomentella,2,23,28,23,24,22,18,21,18,28,11,17,13
UF38,Gypsophila paniculata,2,44,90,69,28,24,31,47,64,65,41,62,66
UF38,Artemisia nitrosa,3,30,24,31,38,25,26,20,18,11,23,16,17
UF38,Galium ruthenicum,1,40,56,40,22,36,27,27,58,53,28,42,39
UF38,Jurinea cyanoides,2,20,22,23,14,13,11,11,13,14,15,17,13
UF39,Festuca valesiaca,30,12,15,18,13,13,12,17,28,23,16,24,18
UF39,Spiraea hypericifolia,1,25,111,90,28,57,45,27,97,75,35,108,109
UF39,Galatella villosa,2,18,16,8,15,11,5,14,15,8,19,21,12
UF39,Koeleria cristata,3,13,22,13,11,20,15,19,22,24,14,16,13
UF39,Stipa zalesskii,2,23,22,30,18,27,25,17,22,15,21,27,13
UF40,Stipa sareptana,60,33,36,30,38,37,35,33,41,36,33,48,26
UF40,Festuca valesiaca,0.5,13,18,17,14,29,25,,,,,,
UF40,Kochia prostrata,8,13,19,20,7,22,30,10,21,20,9,21,18
UF41,Stipa lessingiana,30,32,37,22,25,12,10,25,34,26,27,37,33
UF41,Festuca valesiaca,10,18,13,15,14,13,15,18,18,19,14,13,12
UF41,Artemisia austriaca,1,4,2,2,7,2,2,9,4,2,9,5,4
UF41,Koeleria cristata,2,27,20,22,22,17,14,27,20,15,27,18,16
UF41,Agropyron pectinatum,2,33,35,27,30,16,18,32,25,27,35,28,24
UF42,Leymus ramosus,1,19,,,17,,,16,,,19,,
UF42,Agropyron pectinatum,3,31,22,18,23,36,14,26,34,23,24,22,13
UF42,Stipa sareptana,5,26,32,25,29,33,23,33,34,33,24,30,18
UF42,Festuca valesiaca,10,8,14,6,12,14,11,12,19,15,13,13,11
UF42,Koeleria cristata,1,12,10,9,16,16,11,12,16,10,13,20,13
UF42,Artemisia nitrosa,2,20,22,15,23,17,12,17,14,11,18,14,15
UF42,Galatella tatarica,5,17,14,13,16,8,9,15,18,12,17,27,17
UF43,Stipa sareptana,2,22,20,23,11,16,9,17,22,18,12,14,9
UF43,Festuca valesiaca,8,15,18,10,11,16,9,17,22,18,12,14,9
UF43,Stipa lessingiana,4,21,17,14,21,17,20,17,15,10,28,29,33
UF43,Leymus ramosus,5,24,,,24,,,22,,,20,,
UF43,Jurinea multiflora,1,4,9,3,7,9,8,10,12,6,9,11,6
UF43,Tanacetum achilleifolium,7,8,17,12,9,22,13,16,23,18,11,16,11
UF43,Artemisia austriaca,5,5,4,3,11,5,4,9,6,5,7,3,3
UF43,Koeleria cristata,1,18,15,19,17,22,16,12,22,14,17,23,15
UF44,Spiraea hypericifolia,2,29,159,111,34,52,63,38,50,44,36,43,66
UF44,Stipa lessingiana,25,33,33,26,35,44,46,27,23,20,32,40,38
UF44,Carex supina,15,16,,,11,,,13,,,16,,
UF44,Artemisia austriaca,10,9,2,3,6,3,3,12,2,3,9,3,3
UF44,Psathyrostachys juncea,2,36,32,24,24,32,20,24,30,25,40,48,36
UF44,Jurinea multiflora,1,8,10,9,10,3,2,7,5,4,8,11,8
UF45,Spiraea hypericifolia,3,48,120,70,43,110,65,39,105,73,30,88,60
UF45,Festuca valesiaca,35,22,30,18,25,27,29,22,30,24,23,26,24
UF45,Agropyron pectinatum,2,48,31,26,40,29,17,45,23,20,34,21,19
UF45,Artemisia austriaca,5,16,5,3,21,5,6,6,4,3,18,5,6
UF45,Elytrigia repens,35,50,,,34,,,38,,,36,,
UF45,Phlomoides agraria,2,14,16,11,17,29,13,10,15,6,10,5,3
UF47,Potentilla bifurca,5,8,11,6,7,13,11,7,8,8,5,9,7
UF47,Carex stenophylla,1,16,,,14,,,17,,,9,,
UF47,Koeleria cristata,2,12,22,16,14,16,8,15,11,8,11,21,17
UF47,Elytrigia repens,3,30,,,28,,,31,,,30,,
UF47,Festuca valesiaca,20,16,15,11,13,15,11,15,19,21,15,23,16
UF47,Stipa capillata,5,27,37,29,16,18,22,28,48,37,27,32,41
UF47,Spiraea hypericifolia,1,39,71,66,48,74,62,55,101,96,15,36,18
UF47,Stipa zalesskii,5,27,20,26,18,17,17,25,30,28,24,16,18
UF48,Agropyron pectinatum,1,28,,,21,,,27,,,23,,
UF48,Galatella tatarica,10,10,21,17,9,16,9,17,8,17,17,15,12
UF48,Artemisia nitrosa,1,25,17,12,23,10,15,23,14,15,18,12,18
UF48,Psathyrostachys juncea,4,16,20,22,13,20,18,22,19,21,20,21,23
UF48,Festuca valesiaca,3,10,18,12,9,10,8,8,15,14,9,12,10
UF48,Stipa sareptana,1,20,26,30,27,28,29,22,21,15,25,28,23
UF49,Agropyron pectinatum,5,31,36,33,36,23,20,32,31,28,25,24,18
UF49,Festuca valesiaca,5,13,8,10,16,19,13,14,16,9,13,19,14
UF49,Stipa sareptana,20,29,22,26,24,29,27,25,41,38,36,42,38
UF49,Artemisia austriaca,2,8,7,4,6,8,4,3,7,5,9,6,5
UF50,Festuca valesiaca,15,17,15,17,13,12,9,11,17,15,14,20,13
UF50,Stipa sareptana,8,43,44,34,38,36,34,32,42,42,43,45,40
UF50,Agropyron pectinatum,25,44,48,44,45,41,36,30,27,18,34,21,17
UF51,Festuca valesiaca,5,12,15,14,17,18,12,13,19,17,19,19,13
UF51,Stipa sareptana,5,22,24,20,19,29,21,23,33,21,22,27,18
UF51,Stipa lessingiana,8,25,29,24,23,24,22,21,27,20,26,33,23
UF51,Galatella tatarica,5,16,17,11,22,9,9,16,11,6,16,14,14
UF51,Artemisia austriaca,6,16,9,5,8,6,4,19,7,3,10,7,4
UF51,Leymus ramosus,1,25,,,29,,,18,,,26,,
UF52,Festuca valesiaca,15,16,17,15,15,15,12,16,15,19,13,14,15
UF52,Psathyrostachys juncea,3,22,29,26,20,23,19,23,30,24,23,33,17
UF52,Leymus ramosus,10,33,,,31,,,35,,,26,,
UF52,Stipa sareptana,1,28,26,20,23,24,19,26,24,23,23,25,18
UF52,Stipa lessingiana,3,25,19,24,22,30,20,34,33,30,29,25,15
UN01,Atriplex cana,30,35,44,49,30,52,34,27,54,32,27,51,37
UN01,Artemisia pauciflora,30,28,32,26,24,17,15,26,20,24,30,37,24
UN01,Limonium suffruticosum,3,13,22,28,7,13,21,14,32,20,8,23,10
UN01,Leymus ramosus,2,30,,,16,,,27,,,34,,
UN02,Artemisia gracilescens,15,20,15,16,20,29,24,19,22,20,14,21,21
UN02,Agropyron pectinatum,2,24,17,14,28,10,5,26,13,9,31,14,11
UN02,Leymus ramosus,8,32,,,30,,,35,,,31,,
UN03,Leymus ramosus,25,27,,,32,,,28,,,34,,
UN03,Agropyron pectinatum,4,27,,,32,,,29,,,32,,
UN03,Kochia prostrata,5,18,24,16,14,13,9,16,20,16,14,28,19
UN04,Atriplex cana,20,25,42,52,19,40,28,34,100,119,35,84,62
UN04,Anabasis salsa,10,14,21,13,16,22,17,12,26,14,13,29,24
UN04,Poa bulbosa,3,2,3,3,3,4,4,2,4,3,2,2,3
UN04,Artemisia pauciflora,3,19,18,17,20,18,15,19,17,12,27,20,17
UN04,Climacoptera brachiata,1,18,,,13,,,8,,,4,,
UN05,Artemisia nitrosa,10,12,15,12,15,14,9,7,14,15,17,26,16
UN05,Stipa sareptana,5,24,25,24,18,21,20,22,30,23,21,33,22
UN05,Festuca valesiaca,15,13,21,16,10,11,13,10,14,16,11,10,8
UN05,Galatella tatarica,10,14,20,19,14,6,6,11,14,16,12,11,10
UN06,Bassia sedoides,1,15,,,19,,,33,,,25,,
UN06,Agropyron pectinatum,25,36,,,33,,,26,,,31,,
UN06,Stipa sareptana,1,33,34,28,25,20,17,27,26,27,30,42,34
UN07,Stipa sareptana,5,24,18,15,26,24,16,26,34,30,20,27,27
UN07,Festuca valesiaca,20,21,19,20,15,15,11,16,14,12,13,11,11
UN07,Artemisia nitrosa,8,14,10,6,16,17,10,20,19,16,17,12,10
UN07,Limonium sareptanum,1,5,10,6,6,9,9,2,9,7,5,19,9
UN08,Artemisia nitrosa,5,25,22,26,12,21,16,16,23,19,25,12,20
UN08,Poa bulbosa,3,3,3,2,4,5,2,2,3,3,3,6,4
UN08,Leymus ramosus,20,23,,,26,,,25,,,25,,
UN08,Kochia prostrata,1,7,30,21,11,13,14,17,10,8,9,11,7
UN08,Festuca valesiaca,5,10,14,21,12,17,25,9,20,23,11,13,16
UN09,Lepidium perfoliatum,20,10,,,11,,,9,,,6,,
UN09,Petrosimonia triandra,10,9,,,6,,,5,,,4,,
UN11,Artemisia gracilescens,26,17,15,11,12,15,14,13,15,14,16,25,17
UN11,Leymus ramosus,2,24,,,25,,,23,,,21,,
UN11,Kochia prostrata,2,5,15,16,10,16,13,9,20,10,9,15,9
UN12,Elytrigia repens,20,30,,,33,,,40,,,36,,
UN12,Leymus ramosus,15,28,,,39,,,45,,,36,,
UN12,Agropyron pectinatum,5,35,,,31,,,35,57,54,33,36,27
UN12,Artemisia pauciflora,2,13,12,10,21,41,29,20,18,30,21,38,21
UN12,Tanacetum achilleifolium,1,14,31,36,20,23,21,14,25,27,18,31,33
UN13,Artemisia pauciflora,5,16,19,23,17,16,20,19,8,13,15,25,16
UN13,Atriplex cana,12,13,68,61,18,34,22,25,51,66,24,54,65
UN13,Artemisia nitrosa,12,12,18,17,17,23,26,7,14,12,18,13,34
UN13,Stipa sareptana,6,30,37,26,25,38,39,24,28,26,25,30,27
UN13,Stipa lessingiana,6,21,39,38,18,26,33,19,22,16,18,6,12
UN14,Stipa lessingiana,20,27,14,13,25,25,19,23,20,18,28,27,32
UN14,Festuca valesiaca,14,14,14,11,13,13,9,16,16,15,17,16,19
UN14,Tanacetum achilleifolium,4,10,14,11,14,21,15,11,16,12,10,7,10
UN14,Kochia prostrata,1,7,10,9,18,15,13,10,8,7,21,20,13
UN14,Agropyron pectinatum,2,28,,,27,,,31,,,34,,
UN14,Artemisia nitrosa,2,18,17,22,16,13,11,15,19,10,13,10,10
UN15,Leymus ramosus,25,26,,,19,,,20,,,22,,
UN15,Kochia prostrata,5,2,13,19,5,7,13,7,14,13,6,17,13
UN15,Artemisia pauciflora,1,22,23,20,23,10,17,23,28,19,19,24,17
UN15,Tanacetum achilleifolium,2,16,37,25,13,14,16,14,22,21,16,26,32
UN15,Agropyron pectinatum,2,24,22,22,20,27,28,27,35,32,29,38,35
UN16,Anabasis salsa,32,7,21,16,5,9,9,4,10,8,6,22,18
UN16,Atriplex cana,3,12,36,34,13,27,17,9,30,18,14,46,36
UN17,Artemisia schrenkiana,3,12,23,12,17,17,20,17,15,8,18,15,12
UN17,Artemisia lercheana,10,19,18,15,21,11,10,12,15,10,19,14,12
UN17,Festuca valesiaca,25,13,18,17,16,14,17,9,17,15,16,18,20
UN17,Stipa sareptana,7,23,35,38,24,28,31,33,40,37,22,27,26
UN17,Stipa lessingiana,3,20,38,28,21,19,22,15,19,13,18,30,21
UN17,Galatella tatarica,17,14,12,10,19,20,8,17,12,14,21,23,17
UN17,Tanacetum achilleifolium,1,17,9,7,15,10,10,17,13,15,9,11,14
UN28,Stipa lessingiana,20,28,34,27,30,23,15,26,22,24,27,36,28
UN28,Festuca valesiaca,20,19,22,17,13,17,11,18,18,14,18,18,19
UN28,Tanacetum achilleifolium,1,9,15,8,15,25,15,16,25,18,15,23,14
UN28,Agropyron pectinatum,3,26,,,28,,,35,,,38,,
UN28,Leymus ramosus,2,25,,,24,,,22,,,24,,
UN28,Artemisia nitrosa,4,19,14,9,16,27,20,20,16,12,17,20,15
UN18,Artemisia pauciflora,40,24,17,13,26,18,16,22,18,10,29,18,27
UN18,Kochia prostrata,1,11,13,12,8,10,14,21,18,23,21,22,22
UN20,Atriplex cana,10,45,57,40,38,50,43,30,50,31,53,110,66
UN20,Kochia prostrata,2,8,17,6,15,24,19,13,30,27,7,10,5
UN20,Agropyron pectinatum,20,35,30,23,30,39,28,36,39,20,25,13,24
UN20,Artemisia pauciflora,1,18,19,19,20,15,7,21,13,17,24,21,14
UN21,Atriplex cana,10,20,39,40,19,22,16,23,45,37,23,45,23
UN21,Artemisia pauciflora,20,24,22,31,24,33,29,18,14,20,22,24,26
UN21,Limonium suffruticosum,3,16,20,8,13,24,21,12,17,11,10,26,18
UN22,Stipa sareptana,12,24,18,19,16,9,12,22,32,23,23,27,23
UN22,Poa bulbosa,1,2,3,3,2,4,1,2,3,4,1,3,4
UN22,Festuca valesiaca,10,12,14,17,12,21,17,15,21,19,7,14,10
UN22,Artemisia nitrosa,12,17,16,13,13,15,10,16,12,17,7,19,15
UN22,Galatella tatarica,2,7,4,3,9,6,6,12,8,4,11,9,10
UN22,Tanacetum achilleifolium,1,14,12,21,11,13,17,13,29,22,15,18,12
UN23,Bassia sedoides,6,13,,,12,,,8,,,15,,
UN23,Artemisia pauciflora,2,21,30,40,17,21,23,21,24,31,29,37,48
UN23,Galatella tatarica,1,23,15,7,13,8,4,20,8,7,11,8,9
UN23,Agropyron pectinatum,2,33,38,40,30,51,44,32,45,42,24,35,37
UN24,Atriplex cana,5,29,80,40,26,48,44,26,23,20,25,57,50
UN24,Artemisia pauciflora,30,18,30,20,20,28,19,14,17,10,12,25,18
UN24,Artemisia nitrosa,2,24,30,24,24,29,23,19,34,23,16,20,15
UN25,Spiraea hypericifolia,15,50,80,112,36,76,88,61,63,86,90,120,123
UN25,Carex supina,12,8,10,14,10,5,8,8,11,14,9,15,12
UN25,Leymus ramosus,30,31,,,41,,,36,,,38,,
UN25,Artemisia austriaca,2,6,4,6,6,2,3,6,4,7,6,3,3
UN26,Atriplex cana,20,22,35,22,30,45,40,20,65,60,12,14,12
UN26,Festuca valesiaca,3,14,16,17,12,10,11,15,16,14,19,27,24
UN26,Artemisia pauciflora,8,23,18,10,27,19,18,16,14,11,15,12,10
UN26,Stipa sareptana,2,24,17,11,27,14,12,23,17,16,22,28,21
UN26,Stipa lessingiana,2,31,30,36,28,42,38,26,54,33,27,30,28
UN30,Agropyron pectinatum,10,35,28,26,27,26,25,37,24,20,34,23,37
UN30,Atriplex cana,6,24,18,23,40,169,125,52,96,84,41,75,69
UN30,Anabasis salsa,5,17,35,35,24,38,35,22,58,31,11,15,6
UN30,Kochia prostrata,8,17,12,16,14,38,40,9,34,25,11,29,14
UN31,Psathyrostachys juncea,38,31,40,28,35,34,15,35,42,36,27,43,35
UN31,Stipa lessingiana,3,25,36,30,18,22,17,25,36,28,24,26,20
UN31,Leymus ramosus,1,17,,,18,,,24,,,18,,
UN32,Anabasis salsa,15,12,16,12,5,8,4,6,14,10,13,14,7
UN32,Atriplex cana,6,27,38,29,32,56,51,22,52,46,26,46,33
UN32,Poa bulbosa,2,2,3,3,2,3,3,3,8,4,4,5,5
UN32,Stipa sareptana,2,26,18,19,36,38,30,31,26,19,20,13,15
UN32,Artemisia nitrosa,2,28,41,25,26,34,28,17,23,15,16,21,16
UN32,Tanacetum achilleifolium,1,17,13,13,16,26,14,8,14,9,9,22,11
UN33,Carex praecox,1,37,,,27,,,33,,,24,,
UN33,Spiraea hypericifolia,50,150,200,325,83,125,108,100,190,140,140,137,155
UN33,Agropyron pectinatum,4,41,8,6,35,27,15,51,22,12,41,35,18
UN33,Festuca valesiaca,15,22,37,16,23,17,15,24,17,16,22,21,19
UN33,Artemisia austriaca,1,14,6,3,10,3,4,11,6,5,7,4,5
UN33,Alopecurus pratensis,2,42,,,48,,,35,,,39,,
UN33,Stipa capillata,2,42,30,36,37,27,29,44,36,13,38,36,37
UN33,Phlomoides agraria,1,18,14,11,13,8,6,18,16,11,11,20,11
UN33,Elytrigia repens,20,40,,,37,,,41,,,33,,
UN34,Puccinellia dolicholepis,26,25,18,30,21,34,28,27,21,24,35,23,25
UN34,Artemisia gracilescens,22,23,11,7,24,14,13,27,14,15,20,17,21
UN34,Limonium suffruticosum,7,14,13,17,13,18,25,9,13,15,16,27,23
UN34,Kochia prostrata,18,18,17,12,26,20,22,11,18,14,29,23,28
UN34,Limonium sareptanum,2,4,7,9,6,15,7,6,14,12,6,15,18
UN35,Agropyron pectinatum,4,38,23,12,28,32,25,37,20,15,30,33,14
UN35,Atriplex cana,35,17,34,26,23,37,37,14,14,9,28,48,44
UN35,Artemisia pauciflora,8,29,24,13,24,13,7,27,14,8,36,28,14
UN35,Poa bulbosa,1,6,4,4,5,8,5,1,3,3,2,4,3
UN36,Festuca valesiaca,3,13,14,11,10,17,9,13,6,5,12,10,8
UN36,Galatella tatarica,5,21,12,11,23,24,18,20,10,12,22,17,15
UN36,Agropyron pectinatum,8,28,13,7,22,21,10,24,14,10,23,13,5
UN36,Artemisia nitrosa,2,13,19,13,25,17,14,22,15,12,22,10,9
UN36,Leymus ramosus,8,28,,,25,,,24,,,25,,
UN36,Kochia prostrata,1,29,22,13,25,18,15,20,14,11,18,13,10
UN40,Atriplex cana,45,28,100,75,33,62,56,20,57,41,22,42,42
UN40,Atraphaxis frutescens,0.1,27,,,23,,,26,,,29,,
UN40,Kochia prostrata,2,10,52,52,3,15,11,8,27,19,7,9,14
UN41,Anabasis salsa,1,12,19,13,12,16,21,16,38,21,13,19,19
UN41,Artemisia pauciflora,5,24,21,25,20,17,10,23,31,29,17,18,10
UN41,Leymus ramosus,2,17,,,24,,,18,,,22,,
UN41,Kochia prostrata,32,9,14,11,15,22,25,18,21,26,12,21,12
UN42,Stipa lessingiana,3,23,34,38,20,18,16,22,25,24,23,34,29
UN42,Festuca valesiaca,15,15,15,17,9,10,11,11,15,15,12,16,19
UN42,Agropyron pectinatum,10,22,,,19,,,27,,,26,,
UN42,Tanacetum achilleifolium,5,14,19,19,16,12,10,20,17,16,14,20,28
UN42,Kochia prostrata,1,19,16,10,9,12,12,12,13,10,4,12,11
UN42,Artemisia gracilescens,1,18,11,20,15,10,18,19,14,17,14,13,14
UN42,Leymus ramosus,1,26,,,23,,,30,,,21,,
UN43,Atriplex cana,20,40,55,50,30,48,42,22,75,65,22,43,30
UN43,Limonium suffruticosum,1,16,30,26,11,23,15,12,16,11,17,21,8
UN43,Poa bulbosa,2,4,8,5,4,5,4,3,4,4,4,5,3
UN43,Camphorosma monspeliaca,10,8,8,4,7,13,6,11,8,5,3,4,3
UN44,Festuca valesiaca,5,11,8,14,11,14,17,15,18,18,9,17,16
UN44,Artemisia nitrosa,3,25,18,16,33,21,20,26,16,23,30,13,12
UN44,Artemisia austriaca,3,5,3,3,25,13,6,17,16,5,8,7,7
UN44,Stipa lessingiana,10,22,40,27,26,16,17,28,34,33,21,22,30
UN44,Stipa capillata,18,32,50,56,32,47,28,27,42,35,25,17,20
UN44,Spiraea hypericifolia,1,100,146,160,,,,,,,,,
UN45,Leymus ramosus,15,27,,,25,,,23,,,26,,
UN45,Artemisia pauciflora,10,24,50,31,22,26,24,22,26,21,16,14,10
UN45,Psathyrostachys juncea,5,27,24,15,27,26,24,28,40,26,23,26,25
UN46,Kochia prostrata,1,4,6,7,10,9,10,15,12,13,9,15,10
UN46,Agropyron pectinatum,8,26,,,28,,,29,,,24,,
UN46,Artemisia gracilescens,14,18,13,12,14,19,20,18,19,12,21,22,15
UN46,Leymus ramosus,8,24,,,23,,,25,,,27,,
UN47,Artemisia pauciflora,25,22,17,21,25,16,20,23,19,30,18,34,20
UN47,Stipa sareptana,5,32,26,18,37,43,29,26,29,24,37,54,41
UN47,Kochia prostrata,5,5,14,15,10,47,37,17,45,24,15,14,12
UN48,Atriplex cana,30,13,42,48,9,27,13,7,20,25,17,36,53
UN48,Artemisia pauciflora,10,19,8,15,20,21,13,14,7,15,16,7,15
UN48,Artemisia nitrosa,1,13,21,17,5,6,6,16,14,10,22,46,25
UN48,Poa bulbosa,1,2,3,1,2,2,2,0.5,1,2,4,3,3
UN49,Stipa lessingiana,15,26,23,14,24,25,20,21,20,18,27,28,30
UN49,Stipa capillata,10,30,25,15,32,20,13,27,17,15,34,25,20
UN49,Festuca valesiaca,10,16,20,22,15,14,12,10,12,8,14,13,12
UN49,Spiraea hypericifolia,4,49,17,47,34,165,120,65,80,60,54,125,90
UN49,Carex praecox,6,28,,,25,,,28,,,27,,
UN49,Artemisia austriaca,2,9,4,7,17,10,6,10,9,5,5,4,5
UN49,Tanacetum achilleifolium,2,15,25,20,15,32,24,18,35,20,19,20,18
UN50,Atriplex cana,25,37,80,42,25,48,37,30,56,35,32,109,105
UN50,Leymus ramosus,2,26,,,24,,,31,,,30,,
UN50,Festuca valesiaca,6,14,20,17,10,15,16,12,17,13,14,18,16
UN50,Stipa sareptana,1,18,25,29,27,29,32,24,27,16,19,20,8
UN50,Psathyrostachys juncea,3,15,11,23,19,17,20,11,18,25,23,23,32
UN50,Tanacetum achilleifolium,4,18,19,15,13,15,21,9,10,14,8,14,16
UN51,Stipa zalesskii,1,41,44,42,29,33,17,31,35,37,28,35,40
UN51,Stipa sareptana,45,25,28,26,24,30,30,24,26,26,25,38,22
UN51,Galatella villosa,10,25,17,10,15,6,4,18,14,9,19,5,6
UN51,Carex praecox,5,24,,,27,,,17,,,25,,
UN51,Carex supina,5,13,,,14,,,14,,,12,,
UN51,Festuca valesiaca,30,16,26,28,14,22,20,13,28,21,9,15,11
UN52,Festuca valesiaca,35,10,36,25,11,18,24,10,7,14,17,24,25
UN52,Stipa capillata,10,25,20,20,29,34,27,22,20,18,27,24,33
UN52,Galatella tatarica,2,16,9,5,18,20,14,15,10,7,14,11,7
UN52,Artemisia austriaca,3,6,6,4,5,9,3,9,11,5,8,11,10
UN52,Elytrigia repens,2,67,86,72,51,78,56,42,37,36,47,51,54
UR01,Stipa capillata,8,21,24,25,29,37,30,36,42,33,28,37,26
UR01,Stipa sareptana,15,24,23,30,37,38,36,25,19,23,22,33,28
UR01,Festuca valesiaca,12,9,16,20,10,12,14,14,20,21,10,14,15
UR01,Artemisia austriaca,5,7,6,5,4,4,3,11,16,3,5,14,5
UR01,Agropyron pectinatum,1,23,31,24,26,25,44,19,35,27,23,13,26
UR01,Artemisia schrenkiana,2,22,10,9,21,14,12,22,15,10,14,28,18
UR01,Artemisia nitrosa,5,24,19,10,14,19,15,11,12,11,12,5,5
UR03,Stipa lessingiana,2,28,44,46,20,47,38,25,37,33,26,44,34
UR03,Stipa sareptana,1,26,22,28,23,32,31,21,33,23,23,21,13
UR03,Agropyron pectinatum,10,27,35,31,28,31,23,27,27,24,28,28,25
UR03,Tanacetum achilleifolium,6,13,28,22,10,38,26,10,28,19,10,25,17
UR03,Artemisia nitrosa,8,16,22,19,22,30,23,18,26,20,14,26,20
UR03,Festuca valesiaca,1,26,21,11,17,24,22,16,17,13,19,23,20
UR03,Leymus ramosus,1,27,,,19,,,25,,,21,,
UR04,Galatella tatarica,6,16,14,14,20,15,14,15,12,15,17,10,8
UR04,Koeleria cristata,5,18,28,20,14,24,15,15,21,15,18,21,15
UR04,Artemisia austriaca,3,8,6,3,7,3,7,6,4,5,9,8,6
UR04,Artemisia nitrosa,10,14,20,18,20,21,10,24,37,13,23,19,22
UR04,Stipa lessingiana,5,22,17,28,20,21,23,24,30,36,21,28,18
UR04,Festuca valesiaca,10,12,10,6,12,16,16,10,9,8,9,16,14
UR05,Elytrigia repens,30,29,,,42,,,40,,,41,,
UR05,Pastinaca clausii,2,30,11,4,26,20,5,30,18,5,21,8,5
UR05,Agropyron pectinatum,3,34,13,7,37,12,7,37,15,11,30,14,9
UR05,Festuca valesiaca,8,18,17,17,17,15,13,15,15,9,18,18,11
UR05,Artemisia nitrosa,2,20,8,4,18,4,5,17,16,10,12,8,7
UR05,Tanacetum achilleifolium,1,14,15,13,17,12,9,27,13,7,12,19,12
UR05,Phlomoides tuberosa,2,13,18,5,10,14,13,11,17,11,18,10,9
UR06,Agropyron pectinatum,25,31,24,19,23,26,16,28,23,22,29,32,27
UR06,Leymus ramosus,10,18,,,31,,,21,,,29,,
UR08,Stipa lessingiana,5,21,26,31,20,32,21,22,25,17,24,34,18
UR08,Stipa sareptana,10,26,34,30,32,20,11,28,38,32,32,27,24
UR08,Leymus ramosus,3,20,,,21,,,25,,,24,,
UR08,Psathyrostachys juncea,15,34,36,22,19,32,21,21,31,24,23,40,23
UR09,Artemisia lercheana,2,19,21,21,18,17,22,21,16,12,24,26,16
UR09,Stipa lessingiana,40,27,31,26,18,15,18,35,35,36,20,33,18
UR09,Festuca valesiaca,5,15,8,14,13,17,9,14,15,27,12,24,16
UR09,Galatella tatarica,1,17,16,12,20,15,13,17,22,15,14,21,10
UR11,Stipa lessingiana,6,24,22,118,22,11,13,27,23,22,23,38,28
UR11,Festuca valesiaca,8,16,14,12,16,19,16,12,12,10,12,17,11
UR11,Psathyrostachys juncea,18,19,10,8,25,22,20,21,28,23,23,30,23
UR11,Leymus ramosus,2,25,,,16,,,24,,,25,,
UR12,Koeleria cristata,3,22,23,29,21,14,19,13,23,20,14,22,27
UR12,Festuca valesiaca,15,8,16,11,13,14,14,12,15,18,16,24,18
UR12,Stipa lessingiana,10,22,19,24,21,17,16,17,14,16,18,23,16
UR12,Stipa capillata,2,24,21,26,23,17,22,32,39,27,26,40,29
UR12,Artemisia schrenkiana,2,10,14,15,29,20,19,12,11,10,9,11,9
UR12,Artemisia nitrosa,4,24,27,15,20,14,13,18,14,12,9,16,9
UR12,Artemisia austriaca,6,10,7,4,12,5,3,7,4,4,10,3,3
UR13,Agropyron pectinatum,2,28,,,30,,,27,,,31,,
UR13,Leymus ramosus,8,30,,,31,,,26,,,24,,
UR13,Artemisia pauciflora,20,20,26,17,15,17,12,17,14,22,18,17,16
UR14,Stipa lessingiana,30,21,26,18,24,29,26,23,28,25,25,28,29
UR14,Festuca valesiaca,1,15,14,11,14,17,12,15,15,14,14,16,16
UR14,Artemisia gracilescens,1,12,11,10,9,11,8,7,16,12,9,12,10
UR15,Atriplex cana,12,16,23,27,10,35,32,12,52,33,32,16,24
UR15,Limonium suffruticosum,5,6,17,17,7,19,14,10,16,21,7,10,18
UR15,Camphorosma monspeliaca,8,3,5,4,1,4,6,2,6,7,2,6,5
UR15,Artemisia pauciflora,5,10,8,8,13,12,9,14,10,16,12,6,8
UR16,Tanacetum achilleifolium,25,17,17,14,19,30,24,12,17,15,15,28,23
UR16,Agropyron pectinatum,10,30,34,26,23,24,19,22,15,22,18,7,4
UR16,Kochia prostrata,1,14,18,14,7,12,6,12,23,8,19,13,13
UR16,Leymus ramosus,8,22,,,21,,,28,,,25,,
UR17,Festuca valesiaca,12,15,22,17,12,8,10,11,12,12,14,16,16
UR17,Stipa sareptana,18,26,35,36,28,33,24,30,29,48,28,29,24
UR17,Poa bulbosa,1,1,4,3,2,4,3,3,5,2,2,6,3
UR17,Leymus ramosus,6,27,,,20,,,17,,,28,,
UR17,Artemisia austriaca,3,5,5,5,5,3,6,7,5,5,20,10,6
UR17,Polygonum patulum,1,7,,,10,,,6,,,4,,
UR17,Psathyrostachys juncea,3,32,41,30,24,36,34,26,42,46,20,32,38
UR18,Stipa lessingiana,25,20,33,26,18,41,43,18,30,19,14,19,12
UR18,Festuca valesiaca,3,9,14,17,8,18,13,7,13,16,10,14,12
UR18,Tanacetum achilleifolium,6,17,24,27,14,20,15,15,17,22,13,19,18
UR18,Agropyron pectinatum,1,22,,,21,,,30,,,27,,
UR18,Artemisia nitrosa,7,15,19,19,16,27,20,14,15,26,23,38,25
UR19,Festuca valesiaca,22,10,19,16,13,20,19,16,21,17,12,19,18
UR19,Tanacetum achilleifolium,1,11,7,14,14,13,15,9,12,12,12,14,13
UR19,Phlomoides agraria,2,9,11,7,12,16,7,11,13,7,10,16,19
UR19,Artemisia austriaca,5,9,10,10,8,5,6,13,6,11,12,8,5
UR19,Artemisia nitrosa,3,30,17,9,13,16,18,26,27,32,21,6,15
UR19,Elytrigia repens,2,38,,,46,,,34,,,35,,
UR20,Stipa lessingiana,5,24,28,23,24,24,25,22,26,20,23,24,17
UR20,Artemisia gracilescens,40,17,25,16,19,22,20,23,23,20,16,22,20
UR20,Tanacetum achilleifolium,2,12,16,10,14,12,6,14,13,9,16,14,9
UR20,Leymus ramosus,2,20,,,21,,,20,,,21,,
UR20,Festuca valesiaca,3,11,14,8,11,10,8,13,17,14,12,18,13
UR20,Agropyron pectinatum,2,25,,,23,,,25,,,26,,
UR20,Kochia prostrata,1,5,5,4,13,23,15,5,9,8,13,8,8
UR21,Atriplex cana,30,7,15,28,10,16,12,20,74,59,13,28,20
UR21,Artemisia pauciflora,12,14,16,9,16,22,15,17,24,15,16,12,10
UR21,Artemisia nitrosa,1,18,16,27,15,19,25,17,11,16,7,12,6
UR21,Stipa sareptana,3,25,34,28,21,22,20,18,20,15,17,12,6
UR21,Leymus ramosus,3,25,,,19,,,21,,,22,,
UR22,Stipa sareptana,8,26,42,23,30,34,23,28,24,21,21,24,18
UR22,Galatella tatarica,5,23,22,19,17,17,12,16,13,12,15,11,7
UR22,Festuca valesiaca,12,15,18,16,14,17,14,17,17,15,16,14,15
UR22,Artemisia nitrosa,5,33,12,8,16,13,11,20,13,13,20,15,7
UR22,Poa bulbosa,1,2,4,2,3,4,2,3,5,3,2,3,3
UR23,Stipa lessingiana,30,21,28,22,23,42,27,25,36,34,10,19,18
UR23,Festuca valesiaca,5,14,14,13,14,13,11,14,21,10,15,11,8
UR23,Koeleria cristata,2,23,19,18,16,28,17,20,30,23,16,23,22
UR23,Artemisia austriaca,1,8,5,3,8,5,4,4,2,3,5,4,3
UR24,Agropyron pectinatum,8,19,,,16,,,22,,,14,,
UR24,Leymus ramosus,6,23,,,22,,,20,,,16,,
UR24,Stipa lessingiana,1,20,19,18,19,22,25,20,19,20,14,19,13
UR27,Festuca valesiaca,18,13,12,13,12,10,15,17,18,17,13,17,19
UR27,Galatella tatarica,10,8,30,21,14,11,14,14,12,9,20,21,25
UR27,Koeleria cristata,2,19,9,12,18,17,14,17,21,17,10,17,26
UR27,Artemisia nitrosa,8,22,16,17,24,16,8,21,17,14,20,19,15
UR27,Agropyron pectinatum,1,26,,,22,,,30,,,19,,
UR27,Stipa sareptana,1,26,35,28,22,23,18,19,14,15,17,16,12
UR27,Kochia prostrata,1,32,26,24,38,33,32,30,28,21,24,25,19
UR27,Tanacetum achilleifolium,1,18,11,20,14,15,14,17,13,12,12,11,13
UR28,Festuca valesiaca,25,16,17,16,14,16,16,12,17,14,10,9,7
UR28,Artemisia nitrosa,4,21,18,18,33,18,13,19,19,15,18,15,8
UR28,Tanacetum achilleifolium,1,9,23,18,14,20,16,10,23,15,20,19,19
UR28,Artemisia austriaca,5,10,3,4,13,4,6,9,5,4,7,4,3
UR28,Stipa lessingiana,1,24,30,25,18,35,36,26,25,14,19,16,8
UR28,Stipa capillata,1,40,43,32,38,35,25,39,36,35,36,37,20
UR30,Stipa lessingiana,2,21,32,34,23,40,38,21,30,25,19,18,14
UR30,Psathyrostachys juncea,12,23,44,36,24,35,33,19,41,34,24,37,43
UR30,Festuca valesiaca,7,11,13,15,9,14,18,12,22,18,7,12,10
UR30,Bassia sedoides,1,10,,,9,,,12,,,14,,
UR30,Stipa sareptana,3,25,32,36,24,21,24,18,27,29,25,24,28
UR31,Atriplex cana,25,22,85,60,34,60,45,25,80,58,33,45,35
UR31,Anabasis salsa,1,7,20,16,9,11,11,9,25,18,8,11,8
UR31,Artemisia pauciflora,2,14,18,17,15,17,13,9,12,9,10,14,8
UR31,Kochia prostrata,3,16,18,9,5,19,12,11,14,13,8,20,20
UR31,Petrosimonia litwinowii,1,1,,,1,,,1,,,1,,
UR33,Agropyron pectinatum,5,26,,,27,,,30,,,32,,
UR33,Stipa lessingiana,15,25,53,53,22,44,48,23,52,42,25,50,45
UR33,Leymus ramosus,25,23,,,26,,,30,,,36,,
UR33,Stipa sareptana,5,27,45,44,22,32,35,19,27,32,16,42,43
UR33,Psathyrostachys juncea,5,27,54,61,26,24,51,21,30,37,23,44,39
UR33,Tanacetum achilleifolium,5,9,24,18,10,23,24,13,22,28,15,28,30
UR34,Kochia prostrata,2,10,9,9,8,5,4,16,12,13,24,24,19
UR34,Psathyrostachys juncea,8,25,40,33,21,24,14,16,17,9,13,9,7
UR34,Leymus ramosus,8,28,,,22,,,27,,,20,,
UR34,Stipa lessingiana,2,22,27,21,23,25,20,20,21,16,21,23,24
UR35,Stipa lessingiana,40,27,35,17,22,28,22,22,25,24,23,30,34
UR35,Festuca valesiaca,1,14,13,12,15,22,17,14,18,15,11,14,14
UR35,Leymus ramosus,1,25,,,27,,,27,,,24,,
UR35,Psathyrostachys juncea,2,33,45,29,31,23,25,32,40,22,26,26,37
UR35,Stipa sareptana,5,21,21,17,23,34,19,26,26,20,25,27,30
UR35,Artemisia gracilescens,5,18,25,21,15,13,8,16,29,19,7,15,12
UR37,Artemisia pauciflora,25,16,18,15,15,18,16,10,12,14,11,13,7
UR37,Kochia prostrata,8,6,16,12,5,9,7,8,9,8,6,8,7
UR38,Stipa lessingiana,15,27,26,26,20,23,22,21,17,17,19,27,24
UR38,Stipa sareptana,10,21,33,25,20,23,25,17,27,18,22,21,28
UR38,Festuca valesiaca,5,10,16,12,8,15,14,13,10,14,16,24,23
UR38,Koeleria cristata,2,16,22,23,17,23,13,15,21,22,19,28,19
UR38,Agropyron pectinatum,1,25,31,24,23,22,25,24,19,16,19,22,18
UR40,Festuca valesiaca,15,16,24,21,14,23,25,9,10,9,17,22,18
UR40,Stipa lessingiana,10,25,49,34,24,22,23,29,54,39,28,32,29
UR40,Stipa sareptana,10,28,27,25,26,24,29,16,20,15,27,43,39
UR40,Galatella tatarica,4,28,19,17,15,15,9,26,12,11,16,27,17
UR40,Agropyron pectinatum,2,23,31,21,22,19,13,28,39,24,22,30,29
UR41,Festuca valesiaca,25,13,26,13,12,7,8,12,14,15,18,32,16
UR41,Stipa capillata,8,27,30,29,26,34,20,27,25,23,27,18,24
UR41,Spiraea hypericifolia,1,38,150,86,68,105,65,50,55,45,55,40,30
UR41,Carex supina,5,18,,,14,,,18,,,14,,
UR41,Galatella villosa,3,24,7,6,22,6,3,20,5,4,15,4,3
UR41,Artemisia austriaca,5,15,3,2,9,2,3,15,3,3,6,2,2
UR41,Carex praecox,1,26,,,27,,,28,,,29,,
UR42,Atriplex cana,15,26,49,47,12,19,10,21,50,30,32,40,65
UR42,Artemisia pauciflora,20,17,14,21,19,11,11,20,14,11,21,25,7
UR42,Camphorosma monspeliaca,1,6,6,6,3,8,5,2,4,3,4,3,3
UR42,Limonium suffruticosum,1,8,9,10,9,13,9,6,11,11,16,17,9
UR43,Spiraea hypericifolia,4,58,165,135,65,100,70,60,103,95,63,97,80
UR43,Stipa capillata,50,47,32,30,39,35,28,40,22,24,42,32,30
UR43,Stipa lessingiana,0.5,39,38,40,32,25,17,,,,,,
UR43,Festuca valesiaca,30,25,29,19,27,27,20,23,17,18,20,23,11
UR43,Artemisia austriaca,3,15,4,3,13,3,4,7,6,5,5,4,4
UR43,Tanacetum achilleifolium,1,14,27,14,11,18,18,12,21,10,16,15,7
UR43,Elytrigia repens,1,39,,,33,,,32,,,39,,
UR44,Stipa sareptana,2,20,21,18,25,30,22,29,35,25,22,21,19
UR44,Festuca valesiaca,8,13,19,16,11,9,8,14,14,10,13,22,11
UR44,Galatella tatarica,3,11,22,15,12,12,10,12,12,9,13,18,10
UR44,Psathyrostachys juncea,3,11,9,5,18,13,11,23,33,22,20,16,12
UR45,Agropyron pectinatum,25,25,38,32,32,29,24,25,17,11,31,21,15
UR45,Festuca valesiaca,15,16,18,17,14,16,18,22,27,22,22,23,20
UR45,Stipa lessingiana,5,15,14,11,31,25,19,26,26,25,29,45,39
UR45,Leymus ramosus,5,27,,,26,,,23,,,22,,
UR46,Atriplex cana,1,20,48,42,14,33,32,12,20,17,25,54,50
UR46,Artemisia nitrosa,12,16,20,14,8,8,6,26,19,17,24,39,30
UR46,Stipa sareptana,7,34,22,15,33,34,18,23,18,12,28,44,35
UR46,Poa bulbosa,2,2,3,2,1,2,3,2,3,2,3,3,3
UR46,Leymus ramosus,3,29,,,22,,,20,,,24,,
UR46,Agropyron pectinatum,1,24,29,22,27,37,26,31,22,20,34,27,22
UR47,Festuca valesiaca,15,14,14,12,13,12,10,12,15,12,13,15,14
UR47,Stipa sareptana,5,24,22,17,26,13,12,23,18,16,24,18,30
UR47,Stipa lessingiana,5,42,25,22,28,43,28,28,43,25,28,47,25
UR47,Artemisia nitrosa,2,22,22,11,12,32,19,20,19,12,18,24,15
UR47,Galatella tatarica,4,13,18,15,18,14,10,20,15,8,18,14,13
UR49,Festuca valesiaca,20,22,28,25,20,26,19,21,25,21,15,14,16
UR49,Stipa sareptana,5,31,35,34,34,37,35,33,27,26,30,33,24
UR50,Galatella tatarica,15,20,17,12,14,27,20,19,22,20,15,14,12
UR50,Agropyron pectinatum,1,28,,,29,,,28,,,30,,
UR50,Stipa sareptana,1,22,25,20,23,26,22,25,29,28,26,27,20
UR50,Psathyrostachys juncea,3,18,29,21,23,21,13,23,28,18,16,20,11
UR50,Artemisia nitrosa,3,23,12,9,12,11,10,17,19,18,18,14,18
UR50,Festuca valesiaca,3,10,12,10,9,9,10,9,15,9,10,12,13
UR51,Stipa sareptana,20,19,30,34,28,26,24,30,26,14,28,42,34
UR51,Psathyrostachys juncea,20,27,23,24,35,33,30,28,55,23,31,35,18
UR51,Stipa lessingiana,1,26,28,28,23,26,16,24,32,24,23,35,20
UR51,Festuca valesiaca,2,15,15,14,13,12,11,9,14,13,13,23,15
UR52,Stipa sareptana,8,26,25,16,27,24,24,22,40,27,24,40,35
UR52,Stipa lessingiana,15,23,34,35,24,34,34,28,38,28,24,28,20
UR52,Psathyrostachys juncea,15,29,63,43,28,35,34,34,50,44,29,32,32
UR52,Tanacetum achilleifolium,3,15,11,10,12,20,8,17,23,18,13,19,16
UR52,Leymus ramosus,2,22,,,27,,,24,,,28,,
UR53,Artemisia gracilescens,5,23,47,25,28,11,8,27,13,12,11,25,26
UR53,Stipa lessingiana,5,25,37,22,18,24,17,21,26,24,23,21,15
UR53,Agropyron pectinatum,15,34,29,20,30,19,12,32,31,24,38,43,28
UR53,Festuca valesiaca,20,15,22,24,16,18,21,17,18,13,12,11,15
UR53,Serratula cardunculus,1,7,,,6,,,12,,,5,,
UR54,Festuca valesiaca,10,15,21,14,18,28,27,20,30,22,19,22,16
UR54,Stipa sareptana,5,25,22,19,24,25,24,27,40,28,30,34,26
UR54,Stipa lessingiana,5,29,35,25,28,29,27,25,24,18,28,31,30
UR54,Artemisia gracilescens,5,29,37,32,23,25,13,20,22,22,26,28,25
UR54,Tanacetum achilleifolium,8,10,15,11,12,25,22,16,26,13,16,40,27
UR54,Agropyron pectinatum,2,32,21,17,34,22,12,23,40,15,32,34,30
UR54,Leymus ramosus,8,26,,,28,,,27,,,19,,
UR55,Festuca valesiaca,20,16,17,19,12,12,11,14,18,17,15,16,10
UR55,Galatella tatarica,5,13,8,6,14,16,12,11,10,5,17,19,13
UR55,Artemisia nitrosa,8,20,19,9,24,17,10,15,8,7,16,11,8
UR55,Agropyron pectinatum,2,30,28,22,25,24,16,32,40,35,26,25,23
